{"cameraMode":{"drawMode":0,"name":"Shaded","section":"Shading Mode"},"sceneLighting":false,"audioPlay":false,"sceneViewState":{"showFog":true,"showMaterialUpdate":false,"showSkybox":true,"showFlares":true,"showImageEffects":true,"showParticleSystems":true},"in2DMode":false,"pivot":{"x":1.2672611474990845,"y":3.253495454788208,"z":-1.3113315105438233},"rotation":{"x":0.17673224210739137,"y":0.6578115224838257,"z":-0.1628679782152176,"w":0.7138093113899231},"size":1.5657024383544922,"orthographic":false}