{"cameraMode":{"drawMode":0,"name":"Shaded","section":"Shading Mode"},"sceneLighting":false,"audioPlay":false,"sceneViewState":{"showFog":true,"showMaterialUpdate":false,"showSkybox":true,"showFlares":true,"showImageEffects":true,"showParticleSystems":true},"in2DMode":false,"pivot":{"x":0.10341843962669373,"y":3.7975914478302,"z":-2.878990411758423},"rotation":{"x":0.07559221237897873,"y":0.4637938141822815,"z":-0.03974933922290802,"w":0.8818169236183167},"size":9.961318969726563,"orthographic":false}