{"cameraMode":{"drawMode":0,"name":"Shaded","section":"Shading Mode"},"sceneLighting":false,"audioPlay":false,"sceneViewState":{"showFog":true,"showMaterialUpdate":false,"showSkybox":true,"showFlares":true,"showImageEffects":true,"showParticleSystems":true},"in2DMode":false,"pivot":{"x":-0.10418891906738281,"y":5.759845733642578,"z":-0.803046464920044},"rotation":{"x":-0.2564278244972229,"y":0.18957136571407319,"z":-0.051365938037633899,"w":-0.9463979005813599},"size":3.7293245792388918,"orthographic":false}