{"cameraMode":{"drawMode":0,"name":"Shaded","section":"Shading Mode"},"sceneLighting":true,"audioPlay":false,"sceneViewState":{"showFog":true,"showMaterialUpdate":false,"showSkybox":true,"showFlares":true,"showImageEffects":true,"showParticleSystems":true},"in2DMode":false,"pivot":{"x":-0.019999999552965165,"y":1.0099999904632569,"z":-19.850000381469728},"rotation":{"x":0.27553418278694155,"y":-0.1760988086462021,"z":0.051430992782115939,"w":0.9436233043670654},"size":16.3422908782959,"orthographic":false}