{"cameraMode":{"drawMode":0,"name":"Shaded","section":"Shading Mode"},"sceneLighting":false,"audioPlay":false,"sceneViewState":{"showFog":true,"showMaterialUpdate":false,"showSkybox":true,"showFlares":true,"showImageEffects":true,"showParticleSystems":true},"in2DMode":false,"pivot":{"x":1.6088322401046754,"y":3.0829384326934816,"z":-1.4005264043807984},"rotation":{"x":0.037664759904146197,"y":0.9567633867263794,"z":-0.24972060322761537,"w":0.14430850744247437},"size":3.9027092456817629,"orthographic":false}